0,5-?,Robot
0,7-3,Robot
0,3-3,Robot
0,5-3,Robot
0,3-2,Robot
0,5-2,Robot
0,1-2,Robot
0,1-3,Robot
0,3-1,Robot
0,3-2,Robot
0,1-3,Robot
0,3-3,Robot
0,1-3,Robot
0,1-3,Robot
0,1-3,Robot
0,5-3,Robot
0,3-2,Robot
0,5-1,Robot
0,3-3,Robot
0,1-3,Robot
0,3-3,Robot
0,3-3,Robot
0,3-3,Robot
0,5-3,Robot
0,1-2,Robot
0,5-3,Robot
0,3-2,Robot
0,1-3,Robot
0,3-1,Robot
0,3-2,Robot
0,1-2,Melting
0,1-2,Melting
0,1-2,Melting
0,1-2,Melting
0,1-3,Melting
0,1-1,Melting
0,1-3,Melting
0,1-2,Melting
0,1-2,Melting
0,1-2,Melting
0,1-2,Melting
0,1-2,Melting
0,1-1,Melting
0,1-3,Melting
0,2-1,Melting
0,3-3,Melting
1,2-1,Robot
0,5-3,Rebel
0,5-3,Rebel
0,5-1,Rebel
0,1-1,Rebel
0,3-3,Rebel
0,2-1,Rebel
0,7-1,Rebel
0,7-3,Rebel
0,2-1,Rebel
0,1-3,Rebel
0,3-2,Rebel
0,3-3,Rebel
0,3-3,Rebel
0,3-2,Rebel
0,5-1,Rebel
0,5-1,Rebel
0,1-2,Rebel
0,2-1,Rebel
0,3-3,Rebel
0,2-1,Rebel
0,1-3,Rebel
0,5-3,Rebel
0,7-3,Rebel
1,0-1,Rebel
0,3-2,Rebel
0,5-3,Rebel
0,3-3,Rebel
0,7-3,Rebel
0,1-2,Rebel
0,3-2,Rebel
0,7-3,Rebel
0,7-2,Rebel
0,5-3,Rebel
0,3-2,Rebel
0,5-2,Rebel
0,3-2,Rebel
0,5-2,Rebel
0,5-3,Rebel
0,3-2,Rebel
0,7-2,Rebel
0,3-3,Rebel
0,1-1,Rebel
0,7-3,Rebel
0,1-3,Rebel
0,1-3,Rebel
0,7-3,Rebel
0,1-3,Rebel
0,3-1,Rebel
0,3-2,Rebel
0,4-1,YV
0,3-3,Horror
0,1-3,Horror
0,1-3,Horror
0,5-1,Horror
1,2-1,Horror
0,7-3,Horror
0,3-1,Horror
0,5-3,Horror
0,1-3,Horror
0,3-2,Horror
0,2-1,Horror
0,5-1,Horror
0,1-2,Horror
0,3-3,Horror
0,5-2,Horror
0,3-1,Horror
0,7-3,Horror
0,3-1,Horror
0,3-3,Horror
0,5-3,Horror
0,3-2,Horror
0,7-3,Horror
0,3-2,Horror
0,3-2,Horror
0,7-2,Horror
0,5-3,Horror
0,1-3,Horror
0,5-2,Horror
0,2-1,Horror
0,7-1,Horror
0,7-3,Horror
0,5-3,Horror
0,6-1,Horror
0,3-2,Horror
0,7-3,Horror
0,5-?,Horror
0,3-3,Horror
0,3-2,Horror
0,3-3,Eyes
0,5-1,Eyes
0,3-2,Eyes
0,3-1,Eyes
0,3-?,Eyes
0,7-2,Chicken
0,3-1,YV
0,5-3,YV
0,3-3,YV
0,3-1,Chicken
0,2-1,Chicken
0,1-2,Horror
0,5-3,Horror
0,1-1,Horror
0,3-1,Horror
0,4-1,Horror
0,3-2,Horror
0,4-1,Horror
0,7-1,Horror
1,2-1,Horror
0,3-1,Horror
0,5-3,Horror
0,1-1,Horror
0,1-3,Horror
0,1-1,Horror
0,3-?,Horror
0,7-3,Horror
1,1-1,Horror
0,4-1,Horror
0,5-2,Horror
0,5-2,Horror
0,1-2,Horror
0,1-2,Horror
0,3-3,Horror
0,5-2,Horror
0,5-2,Horror
0,3-3,Horror
0,5-3,Horror
0,2-1,Horror
0,5-2,Horror
1,5-3,Horror
0,7-2,Horror
0,3-1,Horror
0,5-3,Horror
0,3-3,Horror
0,3-3,Horror
0,3-1,Horror
0,3-3,Horror
0,5-3,Horror
0,7-3,Horror
0,7-3,Horror
0,4-1,Horror
0,3-3,Horror
0,7-3,Horror
0,3-3,Horror
0,1-3,Horror
0,5-2,Horror
0,5-1,Horror
0,3-3,Horror
0,2-?,Horror
0,7-2,Horror
0,5-1,Horror
0,7-2,Horror
0,6-1,Horror
0,3-1,Horror
0,2-1,Horror
0,5-3,Horror
0,7-1,Horror
1,0-1,Horror
0,5-3,Horror
0,7-1,Horror
0,1-2,Horror
0,3-2,Horror
0,5-3,Horror
0,3-2,Horror
0,5-2,Horror
0,5-3,Horror
0,7-1,Horror
0,7-3,Horror
0,5-3,Horror
0,3-3,Horror
0,7-3,Horror
0,2-1,Horror
0,2-1,Horror
1,0-1,Horror
1,3-2,Horror
0,2-1,Horror
0,3-3,Horror
0,3-2,Horror
0,5-2,Horror
1,0-1,Horror
1,2-1,Horror
0,3-2,Horror
1,1-3,Horror
0,1-3,Horror
0,1-2,Horror
0,1-3,Horror
0,3-3,Horror
0,3-3,Horror
0,7-2,Horror
0,5-3,Horror
0,7-3,Horror
1,0-1,Horror
0,7-2,Crystal
0,5-1,Crystal
0,5-3,Crystal
0,5-3,Crystal
0,5-1,Crystal
1,5-2,Crystal
0,6-1,Crystal
0,5-3,Crystal
0,3-1,Crystal
1,1-1,YV
0,3-3,YV
0,1-3,YV
0,7-1,YV
0,7-3,YV
0,1-3,YV
0,4-1,YV
0,7-1,YV
0,4-1,YV
0,3-2,YV
1,1-1,YV
0,5-3,YV
0,3-1,YV
0,7-3,YV
0,3-3,YV
0,3-3,YV
0,4-1,YV
0,1-3,YV
0,5-3,YV
0,7-2,YV
0,3-3,YV
0,5-?,YV
0,7-2,YV
0,7-1,YV
0,3-2,YV
0,4-1,YV
0,4-1,YV
0,5-1,YV
0,3-3,YV
1,3-3,YV
0,7-1,YV
0,5-2,YV
0,5-3,YV
0,3-2,YV
0,4-1,YV
0,3-1,YV
0,2-1,YV
0,5-3,YV
1,3-2,YV
1,2-1,YV
1,1-2,YV
0,3-2,YV
1,1-2,YV
0,7-3,YV
0,1-3,YV
1,7-3,YV
0,3-3,YV
0,7-3,YV
2,1-1,YV